{"r": [0.0, 0.1, 0.2, 0.30000000000000004, 0.4, 0.5, 0.6000000000000001, 0.7000000000000001, 0.8, 0.9, 1.0, 1.1, 1.2000000000000002, 1.3, 1.4000000000000001, 1.5, 1.6, 1.7000000000000002, 1.8, 1.9000000000000001, 2.0, 2.1, 2.2, 2.3000000000000003, 2.4000000000000004, 2.5, 2.6, 2.7, 2.8000000000000003, 2.9000000000000004, 3.0, 3.1, 3.2, 3.3000000000000003, 3.4000000000000004, 3.5, 3.6, 3.7, 3.8000000000000003, 3.9000000000000004, 4.0, 4.1000000000000005, 4.2, 4.3, 4.4, 4.5, 4.6000000000000005, 4.7, 4.800000000000001, 4.9], "g_r": [4.866604482098843, 4.376171472274929, 3.881965900836984, 3.6883526494312244, 3.2742691008436355, 3.2641231965028723, 3.1428340215343162, 3.184042002241414, 3.287121700460063, 3.4608288911865723, 3.5347554980028537, 3.674557024274326, 3.56224130404793, 3.2601219947910183, 2.9299144466204505, 2.469354543570593, 1.944155331775745, 1.4999974446070417, 1.0032974670826025, 0.6416982206941609, 0.3868025825604653, 0.17996434908788964, 0.05250148246191902, 0.02558519179727865, 0.012126090902239619, 0.011650557925681213, 0.013346326464729162, 0.014661546272707916, 0.015139885424726099, 0.030931808148933246, 0.060762980094829125, 0.08353529288209524, 0.13102396682573805, 0.1845458311937865, 0.2261486663193047, 0.28194584597813044, 0.36763096139461227, 0.41535903370471533, 0.4879832944901279, 0.5682122468979867, 0.6472737658146119, 0.6863903141430432, 0.7223345913922378, 0.8058972137557449, 0.8426270694932736, 0.9099232057796014, 0.9709782573529924, 0.9949138477632352, 1.0076531517268326, 1.0420272458146866], "directory": null}